Player,PTS,REB,AST,BLK,STL,FG%,FT%,3PM,TO,GP,MIN,FTM,2PM,A/TO,PF,Non-FT,Non-FT%,Team,POS
Luka Doncic,2370,646,686,38,99,0.487,0.786,284,282,70,2624,478,520,2.43,149,1892,0.7983122362869198,DAL,PG
Shai Gilgeous-Alexander,2254,415,465,67,150,0.535,0.874,95,162,75,2553,567,701,2.87,184,1687,0.7484472049689441,OKC,"PG,SG"
Giannis Antetokounmpo,2222,841,476,79,87,0.611,0.657,34,250,73,2567,514,803,1.9,210,1708,0.7686768676867687,MIL,"PF,C"
Jalen Brunson,2212,278,519,13,70,0.479,0.847,211,186,77,2726,421,579,2.79,144,1791,0.8096745027124774,NYK,"PG,SG"
Nikola Jokic,2085,976,708,68,108,0.583,0.817,83,237,79,2737,358,739,2.99,194,1727,0.8282973621103118,DEN,C
Anthony Edwards,2049,430,405,42,101,0.461,0.836,190,241,79,2770,423,528,1.68,141,1626,0.7935578330893118,MIN,"SG,SF"
Kevin Durant,2032,495,378,91,69,0.523,0.856,168,244,75,2791,362,583,1.55,133,1670,0.8218503937007874,PHO,"SF,PF"
Jayson Tatum,1987,601,364,43,75,0.471,0.833,229,188,74,2645,414,443,1.94,145,1573,0.7916456970306995,BOS,"SF,PF"
De'Aaron Fox,1966,340,418,31,150,0.465,0.738,214,194,74,2659,312,506,2.15,193,1654,0.8413021363173957,SAC,PG
Stephen Curry,1956,330,379,28,54,0.45,0.923,357,210,74,2421,299,293,1.8,117,1657,0.8471370143149284,GSW,"PG,SG"
DeMar DeRozan,1897,340,421,45,90,0.48,0.853,75,135,79,2989,522,575,3.12,161,1375,0.7248286768581972,CHI,"PF,SF,SG"
Anthony Davis,1876,961,266,178,91,0.556,0.816,29,159,76,2700,421,684,1.67,177,1455,0.7755863539445629,LAL,"PF,C"
Devin Booker,1841,308,472,28,61,0.492,0.886,152,178,68,2447,405,490,2.65,206,1436,0.7800108636610538,PHO,"PG,SF,SG"
LeBron James,1822,518,589,38,89,0.54,0.75,149,245,71,2504,303,536,2.4,78,1519,0.8336992316136114,LAL,"PF,SF"
Tyrese Maxey,1816,258,433,33,69,0.45,0.868,212,116,70,2626,328,426,3.73,151,1488,0.8193832599118943,PHI,"PG,SG"
Paolo Banchero,1804,554,431,47,71,0.455,0.725,119,247,80,2799,405,521,1.74,153,1399,0.7754988913525499,ORL,"PF,SF"
Damian Lillard,1775,320,508,18,72,0.424,0.92,220,193,73,2579,473,321,2.63,134,1302,0.7335211267605634,MIL,PG
Dejounte Murray,1753,416,502,24,111,0.459,0.794,201,201,78,2783,208,471,2.5,138,1545,0.8813462635482031,ATL,"PG,SG"
Pascal Siakam,1737,565,342,25,63,0.536,0.732,85,141,80,2658,290,596,2.43,193,1447,0.8330454807138745,IND,"PF,C"
Paul George,1671,388,262,37,113,0.471,0.907,243,153,74,2502,264,339,1.71,202,1407,0.8420107719928187,LAC,"SF,PF,SG"
Kawhi Leonard,1613,416,244,59,111,0.525,0.885,140,119,68,2330,253,470,2.05,97,1360,0.8431494110353379,LAC,"PF,SF,SG"
Jaylen Brown,1610,387,249,37,83,0.499,0.703,145,166,70,2343,211,482,1.5,185,1399,0.868944099378882,BOS,"SG,SF"
Jalen Green,1610,423,291,28,66,0.423,0.804,201,191,82,2602,283,362,1.52,115,1327,0.824223602484472,HOU,"PG,SG"
Mikal Bridges,1606,372,299,30,81,0.436,0.814,220,164,82,2854,258,344,1.82,116,1348,0.8393524283935243,BKN,"PF,SF,SG"
Zion Williamson,1601,406,352,47,77,0.57,0.702,6,193,70,2207,347,618,1.82,159,1254,0.783260462211118,NOR,"C,PF"
Domantas Sabonis,1593,1120,673,48,74,0.594,0.704,33,272,82,2928,292,601,2.47,250,1301,0.8166980539861896,SAC,"PF,C"
Kyle Kuzma,1553,465,296,49,37,0.463,0.775,151,192,70,2281,186,457,1.54,153,1367,0.8802318094011591,WAS,"SF,PF"
Victor Wembanyama,1522,755,274,254,88,0.465,0.796,128,260,71,2106,292,423,1.05,153,1230,0.8081471747700394,SAS,"C,PF"
Coby White,1509,358,405,18,53,0.448,0.839,209,166,79,2881,218,332,2.44,186,1291,0.8555334658714381,CHI,"PG,SG"
Kyrie Irving,1487,290,299,28,74,0.497,0.905,173,106,58,2030,190,389,2.82,112,1297,0.8722259583053127,DAL,"PG,SG"
Jaren Jackson Jr.,1486,365,154,106,80,0.444,0.808,117,160,66,2124,337,399,0.96,235,1149,0.7732166890982504,MEM,"PF,C"
Cam Thomas,1482,214,192,16,45,0.442,0.856,144,124,66,2075,286,382,1.55,138,1196,0.8070175438596491,BKN,"SF,SG"
Donovan Mitchell,1463,280,333,30,101,0.462,0.865,182,154,55,1943,275,321,2.16,118,1188,0.8120300751879699,CLE,"PG,SG"
Collin Sexton,1458,205,383,18,62,0.488,0.86,128,165,78,2075,318,378,2.32,154,1140,0.7818930041152263,UTH,"PG,SG"
Miles Bridges,1449,505,231,33,65,0.462,0.825,157,138,69,2581,174,402,1.67,118,1275,0.8799171842650103,CHA,"SF,PF"
Franz Wagner,1421,381,269,28,76,0.481,0.85,94,137,72,2337,271,434,1.96,168,1150,0.8092892329345531,ORL,"PF,SF,SG"
Cade Cunningham,1405,268,464,22,56,0.449,0.869,119,212,62,2074,238,405,2.19,153,1167,0.8306049822064057,DET,"PG,SG"
Tyrese Haliburton,1389,271,752,48,83,0.477,0.855,195,159,69,2224,194,305,4.73,75,1195,0.8603311735061195,IND,"PG,SG"
Trae Young,1389,149,583,11,72,0.43,0.855,175,235,54,1942,348,258,2.48,109,1041,0.7494600431965442,ATL,PG
Klay Thompson,1375,254,176,35,50,0.433,0.927,268,117,77,2284,127,222,1.5,127,1248,0.9076363636363637,GSW,"SG,SF"
Nikola Vucevic,1370,801,254,60,50,0.484,0.822,92,120,76,2610,106,494,2.12,190,1264,0.9226277372262773,CHI,C
D'Angelo Russell,1369,236,482,36,69,0.456,0.828,226,156,76,2484,159,266,3.09,156,1210,0.8838568298027758,LAL,"PG,SG"
Bam Adebayo,1367,737,278,66,81,0.521,0.755,15,162,71,2416,292,515,1.72,159,1075,0.7863935625457206,MIA,C
Chet Holmgren,1357,648,200,190,53,0.53,0.793,129,131,82,2413,218,376,1.53,197,1139,0.8393515106853353,OKC,"C,PF"
Michael Porter Jr.,1356,565,122,53,42,0.484,0.836,220,92,81,2565,92,302,1.33,148,1264,0.9321533923303835,DEN,"PF,SF"
Jordan Poole,1356,212,343,25,86,0.413,0.877,184,188,78,2346,192,306,1.82,244,1164,0.8584070796460177,WAS,"PG,SG"
Jalen Williams,1355,282,322,45,80,0.54,0.815,103,123,71,2223,180,433,2.62,175,1175,0.8671586715867159,OKC,"PF,SF,SG"
Joel Embiid,1353,430,219,66,46,0.529,0.883,54,150,39,1309,399,396,1.46,112,954,0.70509977827051,PHI,C
Karl-Anthony Towns,1349,515,189,41,43,0.504,0.873,136,177,62,2026,255,343,1.07,204,1094,0.8109710896960711,MIN,"C,PF"
Bogdan Bogdanovic,1333,272,247,26,96,0.428,0.921,240,112,79,2401,151,231,2.21,179,1182,0.886721680420105,ATL,"PF,SF,SG"
Brandon Ingram,1332,324,363,40,50,0.492,0.801,86,163,64,2103,246,414,2.23,145,1086,0.8153153153153153,NOR,"PF,SF,SG"
Alperen Sengun,1331,589,312,46,76,0.537,0.693,33,162,63,2046,244,494,1.93,211,1087,0.816679188580015,HOU,C
Devin Vassell,1323,261,277,23,73,0.472,0.801,166,108,68,2248,161,332,2.56,74,1162,0.8783068783068783,SAS,"SG,SF"
CJ McCollum,1322,286,305,41,62,0.459,0.827,239,110,66,2159,115,245,2.77,126,1207,0.9130105900151286,NOR,"PG,SG"
Myles Turner,1313,533,100,144,39,0.524,0.773,116,109,77,2076,245,360,0.92,232,1068,0.8134044173648134,IND,C
Austin Reaves,1300,352,450,25,66,0.486,0.853,154,174,82,2629,232,303,2.59,153,1068,0.8215384615384616,LAL,"PG,SF,SG"
Brandon Miller,1279,315,175,42,66,0.44,0.827,184,132,74,2383,143,292,1.33,184,1136,0.8881939014855356,CHA,"SF,SG"
Lauri Markkanen,1278,449,110,26,50,0.48,0.899,175,77,55,1820,249,252,1.43,100,1029,0.8051643192488263,UTH,"PF,SF"
Jarrett Allen,1271,811,210,81,53,0.634,0.742,0,121,77,2442,233,519,1.74,147,1038,0.8166797797010228,CLE,C
Fred VanVleet,1270,278,589,59,101,0.416,0.86,227,126,73,2684,197,196,4.67,183,1073,0.8448818897637795,HOU,PG
Donte DiVincenzo,1259,297,216,36,107,0.443,0.754,283,113,81,2360,86,162,1.91,166,1173,0.931691818903892,NYK,"SF,SG"
Jamal Murray,1250,242,384,39,57,0.481,0.853,145,125,59,1861,157,329,3.07,104,1093,0.8744,DEN,"PG,SG"
Jimmy Butler,1246,318,298,17,79,0.499,0.858,60,102,60,2042,394,336,2.92,68,852,0.6837881219903692,MIA,"PF,SF"
Terry Rozier,1205,247,342,21,63,0.443,0.869,149,106,61,2040,172,293,3.23,101,1033,0.8572614107883817,MIA,"PG,SG"
Tobias Harris,1204,453,217,46,70,0.487,0.878,91,93,70,2368,187,372,2.33,115,1017,0.8446843853820598,PHI,"SF,PF"
James Harden,1192,369,614,57,77,0.428,0.878,186,185,72,2470,302,166,3.32,127,890,0.7466442953020134,LAC,"PG,SG"
Scottie Barnes,1191,494,363,88,75,0.475,0.781,101,165,60,2094,196,346,2.2,118,995,0.8354324097397146,TOR,"PF,SF,SG"
Jonathan Kuminga,1188,355,163,36,55,0.529,0.746,53,122,74,1949,223,403,1.34,169,965,0.8122895622895623,GSW,PF
Jaden Ivey,1185,264,296,41,57,0.429,0.749,124,190,77,2217,227,293,1.56,204,958,0.8084388185654009,DET,"PG,SG"
Keegan Murray,1172,420,129,59,79,0.454,0.831,183,64,77,2588,103,260,2.02,205,1069,0.9121160409556314,SAC,"PF,SF"
RJ Barrett,1170,315,193,22,31,0.496,0.715,90,126,58,1838,208,346,1.53,129,962,0.8222222222222222,TOR,"SG,SF"
Immanuel Quickley,1156,259,331,10,50,0.434,0.853,171,101,68,1985,209,217,3.28,119,947,0.8192041522491349,TOR,"PG,SG"
Kristaps Porzingis,1145,409,115,111,42,0.516,0.858,110,89,57,1690,259,278,1.29,156,886,0.7737991266375546,BOS,"PF,C"
Tim Hardaway Jr.,1139,254,139,6,42,0.402,0.852,211,69,79,2120,144,181,2.01,106,995,0.8735733099209834,DAL,"SG,SF"
Jerami Grant,1132,191,152,34,45,0.451,0.817,111,116,55,1830,255,272,1.31,117,877,0.7747349823321554,POR,"PF,SF"
Bobby Portis Jr.,1130,607,104,34,68,0.508,0.79,100,91,82,2008,98,366,1.14,189,1032,0.9132743362831859,MIL,"PF,C"
Dennis Schroder,1122,242,488,17,63,0.435,0.836,138,153,80,2486,178,265,3.19,164,944,0.8413547237076648,BKN,PG
Malik Monk,1110,212,370,39,45,0.443,0.829,148,150,72,1872,170,248,2.47,156,940,0.8468468468468469,SAC,"SF,SG"
Derrick White,1107,310,377,87,74,0.461,0.901,196,112,73,2381,137,191,3.37,152,970,0.8762420957542909,BOS,"PG,SG"
Julius Randle,1102,423,229,12,25,0.473,0.782,76,159,46,1630,236,319,1.44,125,866,0.7858439201451906,NYK,PF
Deni Avdija,1102,540,286,36,60,0.506,0.74,88,160,75,2257,202,318,1.79,185,900,0.8166969147005445,WAS,"PF,SF"
Naz Reid,1090,423,106,73,63,0.477,0.737,169,111,81,1964,109,237,0.96,172,981,0.9,MIN,"C,PF"
Keldon Johnson,1084,377,195,20,51,0.454,0.792,127,100,69,2038,175,264,1.95,149,909,0.8385608856088561,SAS,"PF,SF,SG"
Corey Kispert,1070,225,156,16,41,0.486,0.726,184,98,80,2067,114,202,1.59,141,956,0.8934579439252337,WAS,"SG,SF"
Rudy Gobert,1061,981,102,162,52,0.662,0.639,0,118,76,2593,249,406,0.86,238,812,0.765315739868049,MIN,C
Norman Powell,1056,195,83,22,43,0.486,0.831,167,66,76,1990,143,206,1.26,137,913,0.8645833333333334,LAC,"SG,SF"
Kelly Oubre Jr.,1049,341,101,47,77,0.441,0.75,101,87,68,2055,174,286,1.16,194,875,0.8341277407054337,PHI,"PF,SF,SG"
Jabari Smith Jr.,1044,616,121,61,52,0.454,0.811,138,89,76,2424,150,240,1.36,200,894,0.8563218390804598,HOU,"C,PF"
Anfernee Simons,1039,167,255,5,23,0.43,0.916,156,126,46,1582,163,204,2.02,98,876,0.8431183830606352,POR,"PG,SG"
Darius Garland,1028,152,373,7,74,0.446,0.834,132,176,57,1901,146,243,2.12,95,882,0.857976653696498,CLE,PG
John Collins,1027,575,77,61,40,0.532,0.795,86,98,68,1901,147,311,0.79,191,880,0.8568646543330087,UTH,"C,PF"
Grayson Allen,1014,295,227,45,69,0.499,0.878,205,95,75,2513,129,135,2.39,157,885,0.8727810650887574,PHO,"SG,SF"
Aaron Gordon,1013,471,259,45,56,0.556,0.658,40,105,73,2297,177,358,2.47,142,836,0.8252714708785784,DEN,PF
Buddy Hield,1013,269,236,42,70,0.437,0.881,219,103,84,2160,52,152,2.29,169,961,0.9486673247778875,PHI,"SG,SF"
Jonas Valanciunas,1002,721,173,68,32,0.559,0.785,37,111,82,1925,161,365,1.56,218,841,0.8393213572854291,NOR,C
Harrison Barnes,1000,249,99,12,54,0.474,0.801,149,58,82,2381,157,198,1.71,98,843,0.843,SAC,"SF,PF"
Desmond Bane,997,185,230,22,43,0.464,0.87,137,112,42,1443,140,223,2.05,120,857,0.8595787362086259,MEM,"SF,SG"
Brook Lopez,990,409,127,188,43,0.485,0.821,148,79,79,2411,110,218,1.61,191,880,0.8888888888888888,MIL,C
Josh Giddey,986,514,386,44,51,0.475,0.807,82,168,80,2012,100,320,2.3,111,886,0.8985801217038539,OKC,"PF,PG,SF,SG"
Gary Trent Jr.,974,188,119,10,77,0.426,0.771,178,47,71,1994,74,183,2.53,96,900,0.9240246406570842,TOR,"PG,SG"
Keyonte George,974,211,332,7,36,0.391,0.848,147,188,75,2023,189,172,1.77,91,785,0.8059548254620124,UTH,"PG,SG"
Bradley Beal,964,232,265,27,52,0.513,0.813,101,131,53,1767,109,276,2.02,127,855,0.8869294605809128,PHO,"PG,SG"
Caris LeVert,952,280,346,34,76,0.421,0.766,108,117,68,1958,154,237,2.96,121,798,0.8382352941176471,CLE,"SG,SF"
Jalen Suggs,943,229,205,47,106,0.471,0.756,153,132,75,2025,118,183,1.55,205,825,0.8748674443266172,ORL,"PG,SG"
Jordan Clarkson,942,188,277,6,35,0.413,0.881,91,146,55,1682,177,246,1.9,81,765,0.8121019108280255,UTH,"PG,SG"
Andrew Wiggins,939,321,119,41,42,0.453,0.751,91,87,71,1920,142,262,1.37,147,797,0.8487752928647497,GSW,"PF,SF"
P.J. Washington Jr.,939,411,141,59,72,0.437,0.683,132,96,73,2221,99,222,1.47,169,840,0.8945686900958466,DAL,"C,PF"
Cole Anthony,937,311,236,37,64,0.435,0.826,93,126,81,1817,180,239,1.87,175,757,0.807897545357524,ORL,PG
Ayo Dosunmu,924,216,242,36,68,0.501,0.81,119,103,76,2212,85,241,2.35,166,839,0.908008658008658,CHI,"PG,SF,SG"
Rui Hachimura,923,294,81,25,41,0.537,0.739,98,46,68,1826,99,265,1.76,101,824,0.8927410617551462,LAL,"SF,PF"
Deandre Ayton,920,609,90,42,56,0.57,0.823,1,99,55,1784,65,426,0.91,109,855,0.9293478260869565,POR,C
Dillon Brooks,915,246,119,10,64,0.428,0.844,133,88,72,2227,124,196,1.35,241,791,0.8644808743169399,HOU,"SG,SF"
Jalen Johnson,896,488,203,47,67,0.511,0.728,71,101,56,1889,107,288,2.01,133,789,0.8805803571428571,ATL,"PF,SF"
De'Andre Hunter,891,222,87,16,40,0.459,0.847,117,83,57,1681,166,187,1.05,146,725,0.813692480359147,ATL,"SF,PF"
Jaime Jaquez Jr.,889,285,195,20,77,0.489,0.811,65,110,75,2113,142,276,1.77,167,747,0.8402699662542182,MIA,"SF,SG"
Malik Beasley,889,290,108,9,59,0.443,0.714,224,54,79,2337,25,96,2.0,158,864,0.9718785151856018,MIL,"SF,SG"
Aaron Nesmith,877,275,108,49,65,0.496,0.781,140,64,72,1995,107,175,1.69,241,770,0.8779931584948689,IND,"PF,SF"
Tyler Herro,875,222,188,3,30,0.441,0.856,132,93,42,1407,95,192,2.02,63,780,0.8914285714285715,MIA,"PG,SG"
Duncan Robinson,875,173,192,16,46,0.45,0.889,187,95,68,1905,80,117,2.02,163,795,0.9085714285714286,MIA,"SF,SG"
Mike Conley,869,218,449,17,88,0.457,0.911,179,102,76,2193,102,115,4.4,128,767,0.8826237054085155,MIN,PG
Moritz Wagner,868,348,96,21,39,0.603,0.814,38,97,80,1415,166,294,0.99,160,702,0.8087557603686636,ORL,"PF,C"
Bojan Bogdanovic,868,152,97,5,30,0.454,0.785,133,101,57,1478,117,176,0.96,95,751,0.8652073732718893,NYK,"PF,SF,SG"
Scoot Henderson,868,194,336,13,48,0.385,0.819,87,212,62,1765,167,220,1.58,195,701,0.8076036866359447,POR,PG
Saddiq Bey,863,411,92,11,51,0.416,0.837,113,54,63,2062,170,177,1.7,88,693,0.8030127462340672,ATL,"PF,SF"
Jeremy Sochan,861,476,249,40,62,0.438,0.771,70,140,74,2193,111,270,1.78,168,750,0.8710801393728222,SAS,"PF,PG"
Jrue Holiday,860,373,333,53,61,0.48,0.833,138,124,69,2263,60,193,2.69,108,800,0.9302325581395349,BOS,"PG,SG"
Luguentz Dort,860,284,113,47,72,0.438,0.826,156,74,79,2246,128,132,1.53,228,732,0.8511627906976744,OKC,"SG,SF"
Bennedict Mathurin,856,234,119,14,35,0.447,0.821,80,97,59,1538,184,216,1.23,117,672,0.7850467289719626,IND,"SF,SG"
Max Strus,853,338,283,29,64,0.418,0.794,168,112,70,2239,77,136,2.53,170,776,0.9097303634232122,CLE,"SG,SF"
Obi Toppin,843,320,128,43,47,0.573,0.77,102,69,82,1730,77,230,1.86,143,766,0.9086595492289442,IND,PF
Trey Murphy III,842,280,124,28,51,0.443,0.815,169,34,57,1690,123,106,3.65,70,719,0.8539192399049881,NOR,"PF,SF,SG"
Nic Claxton,841,706,147,146,46,0.629,0.551,1,93,71,2116,108,365,1.58,175,733,0.8715814506539834,BKN,"C,PF"
Jalen Duren,841,709,147,47,33,0.619,0.79,0,129,61,1777,143,349,1.14,192,698,0.8299643281807372,DET,C
Herbert Jones,837,272,199,62,105,0.498,0.867,114,93,76,2321,137,179,2.14,224,700,0.8363201911589009,NOR,"PF,SF"
Clint Capela,836,775,91,106,43,0.571,0.631,0,74,73,1883,130,353,1.23,164,706,0.8444976076555024,ATL,C
Reggie Jackson,833,155,308,13,44,0.431,0.806,102,106,82,1817,79,224,2.91,149,754,0.9051620648259304,DEN,PG
Jusuf Nurkic,829,837,301,80,81,0.51,0.64,22,175,76,2078,167,298,1.72,254,662,0.7985524728588661,PHO,C
Khris Middleton,828,257,292,15,51,0.493,0.833,94,127,55,1487,100,223,2.3,141,728,0.8792270531400966,MIL,"PF,SF"
Daniel Gafford,814,562,115,153,65,0.725,0.674,0,74,74,1814,118,348,1.55,227,696,0.855036855036855,DAL,"C,PF"
Spencer Dinwiddie,795,205,356,22,51,0.392,0.805,124,91,76,2152,169,127,3.91,138,626,0.7874213836477988,LAL,"PG,SG"
Ivica Zubac,794,626,93,83,22,0.649,0.723,0,79,68,1795,120,337,1.18,180,674,0.8488664987405542,LAC,C
Tyus Jones,790,179,485,18,71,0.49,0.8,106,66,66,1933,32,220,7.35,48,758,0.959493670886076,WAS,PG
Payton Pritchard,787,265,281,6,39,0.468,0.821,147,61,82,1826,46,150,4.61,106,741,0.9415501905972046,BOS,"PG,SG"
Evan Mobley,785,468,160,72,45,0.58,0.719,22,90,50,1532,123,298,1.78,134,662,0.8433121019108281,CLE,"C,PF"
Grant Williams,784,318,174,39,44,0.456,0.757,126,109,76,2129,106,150,1.6,226,678,0.8647959183673469,CHA,"C,PF"
Cameron Johnson,776,251,138,15,49,0.446,0.789,138,57,58,1599,86,138,2.42,105,690,0.8891752577319587,BKN,"SF,PF"
Zach Collins,776,370,194,52,35,0.484,0.753,58,132,69,1526,122,240,1.47,206,654,0.8427835051546392,SAS,"PF,C"
Tre Jones,771,289,478,9,78,0.505,0.856,64,116,77,2138,101,239,4.12,92,670,0.8690012970168612,SAS,PG
Georges Niang,768,278,98,18,30,0.449,0.85,149,72,82,1831,51,135,1.36,192,717,0.93359375,CLE,PF
Kentavious Caldwell-Pope,766,183,183,42,98,0.46,0.894,125,75,76,2402,101,145,2.44,151,665,0.8681462140992167,DEN,"SF,SG"
Kelly Olynyk,762,411,347,30,74,0.555,0.833,60,152,78,1759,150,216,2.28,230,612,0.8031496062992126,TOR,"PF,C"
Josh Hart,761,675,331,23,75,0.435,0.791,80,118,81,2707,91,215,2.81,171,670,0.8804204993429697,NYK,"SG,SF"
Jaden McDaniels,757,224,101,42,63,0.489,0.722,86,87,72,2105,57,221,1.16,219,700,0.9247027741083224,MIN,"PF,SF"
Russell Westbrook III,754,343,306,23,74,0.454,0.688,42,144,68,1529,110,259,2.13,121,644,0.8541114058355438,LAC,PG
Eric Gordon,749,122,139,30,66,0.443,0.797,150,73,68,1893,51,124,1.9,79,698,0.931909212283044,PHO,"SG,SF"
OG Anunoby,733,208,107,36,68,0.489,0.753,102,81,50,1702,67,180,1.32,119,666,0.9085948158253752,NYK,"SF,SG"
T.J. McConnell,727,191,390,8,72,0.557,0.79,18,108,71,1291,49,312,3.61,79,678,0.9325997248968363,IND,PG
Bruce Brown Jr.,726,284,192,17,59,0.478,0.824,53,86,67,1865,117,225,2.23,148,609,0.8388429752066116,TOR,"PG,SF,SG"
Alex Caruso,715,273,247,70,120,0.468,0.76,136,102,71,2040,73,117,2.42,181,642,0.8979020979020979,CHI,"PG,SG"
Sam Hauser,712,276,82,25,40,0.446,0.895,197,32,79,1741,17,52,2.56,99,695,0.976123595505618,BOS,"PF,SF"
GG Jackson II,699,196,59,23,28,0.428,0.752,102,65,48,1233,115,139,0.91,64,584,0.8354792560801144,MEM,"PF,SF"
Taurean Prince,697,230,119,36,58,0.442,0.735,141,73,78,2108,50,112,1.63,146,647,0.9282639885222381,LAL,"SF,PF"
Simone Fontecchio,692,246,101,23,44,0.46,0.818,134,68,66,1644,54,118,1.49,110,638,0.9219653179190751,DET,SF
Malaki Branham,690,148,156,8,26,0.432,0.873,93,91,75,1594,55,178,1.71,94,635,0.9202898550724637,SAS,"PG,SF,SG"
Alec Burks,689,150,88,12,28,0.369,0.868,124,48,66,1211,145,86,1.83,75,544,0.7895500725689405,NYK,"PG,SF,SG"
Brandin Podziemski,682,427,273,14,61,0.454,0.633,90,88,74,1968,50,181,3.1,122,632,0.9266862170087976,GSW,SG
Andre Drummond,663,708,37,48,73,0.556,0.592,0,81,79,1351,129,267,0.46,140,534,0.8054298642533937,CHI,C
Terance Mann,658,254,118,15,43,0.515,0.832,71,48,75,1873,79,183,2.46,145,579,0.8799392097264438,LAC,"PF,SF,SG"
Derrick Jones Jr.,657,250,75,51,53,0.483,0.713,82,65,76,1783,97,157,1.15,121,560,0.852359208523592,DAL,"PF,SF"
Kevin Huerter,655,224,166,23,45,0.443,0.766,123,53,64,1562,36,125,3.13,135,619,0.9450381679389313,SAC,"SG,SF"
Nickeil Alexander-Walker,655,167,204,42,64,0.439,0.8,131,76,82,1921,52,105,2.68,143,603,0.9206106870229007,MIN,"SF,SG"
Santi Aldama,654,352,138,54,43,0.435,0.621,106,69,61,1618,54,141,2.0,89,600,0.9174311926605505,MEM,"PF,C"
Nick Richards,652,539,54,74,26,0.692,0.737,0,73,67,1759,132,260,0.74,176,520,0.7975460122699386,CHA,C
Isaac Okoro,647,206,132,34,57,0.49,0.679,84,54,69,1887,93,151,2.44,140,554,0.8562596599690881,CLE,"SG,SF"
Caleb Martin,640,281,143,29,47,0.431,0.778,81,77,64,1756,77,160,1.86,126,563,0.8796875,MIA,"SF,SG"
Jabari Walker,638,508,71,22,42,0.46,0.754,41,66,72,1700,129,193,1.08,173,509,0.7978056426332288,POR,"PF,SF"
Isaiah Joe,636,180,99,22,46,0.458,0.865,147,47,78,1445,45,75,2.11,87,591,0.9292452830188679,OKC,"PG,SF,SG"
Andrew Nembhard,626,141,280,6,63,0.498,0.804,61,101,68,1697,45,199,2.77,143,581,0.9281150159744409,IND,"PG,SG"
Duop Reath,617,250,67,38,33,0.461,0.742,88,52,68,1214,69,142,1.29,161,548,0.8881685575364667,POR,C
Malcolm Brogdon,613,148,214,8,27,0.44,0.819,82,60,39,1121,95,136,3.57,58,518,0.8450244698205547,POR,"PG,SG"
Royce O'Neale,608,377,219,44,59,0.397,0.686,156,73,79,1954,24,58,3.0,174,584,0.9605263157894737,PHO,"SF,SG"
Wendell Carter Jr.,603,381,95,28,35,0.525,0.694,64,68,55,1406,93,159,1.4,121,510,0.845771144278607,ORL,C
Jalen Smith,601,337,63,38,17,0.592,0.692,61,44,61,1047,72,173,1.43,124,529,0.8801996672212978,IND,"PF,C"
Christian Braun,600,306,132,35,42,0.46,0.694,63,55,82,1655,93,159,2.4,137,507,0.845,DEN,SG
Paul Reed,600,488,109,84,67,0.54,0.718,21,67,82,1590,61,238,1.63,198,539,0.8983333333333333,PHI,"C,PF"
Amen Thompson,592,409,163,38,78,0.536,0.684,8,90,62,1388,106,231,1.81,141,486,0.8209459459459459,HOU,"PG,SF,SG"
Marcus Sasser,586,125,236,12,44,0.428,0.879,90,90,71,1351,58,129,2.62,103,528,0.9010238907849829,DET,PG
Marvin Bagley III,583,311,55,33,20,0.586,0.762,9,59,50,1053,96,230,0.93,81,487,0.8353344768439108,WAS,"PF,C"
Isaiah Hartenstein,582,626,188,85,87,0.644,0.707,1,93,75,1896,111,234,2.02,210,471,0.8092783505154639,NYK,"C,PF"
Dorian Finney-Smith,580,317,107,38,56,0.421,0.717,117,59,68,1934,33,98,1.81,150,547,0.9431034482758621,BKN,"C,PF,SF"
Cam Whitmore,579,180,33,17,30,0.454,0.679,79,46,47,880,76,133,0.72,64,503,0.8687392055267703,HOU,"PF,SF"
Cameron Payne,578,117,205,11,42,0.432,0.866,104,66,78,1304,58,104,3.11,126,520,0.8996539792387543,PHI,PG
Precious Achiuwa,565,487,97,68,46,0.501,0.616,26,83,74,1624,69,209,1.17,143,496,0.8778761061946903,NYK,"C,PF"
Lonnie Walker IV,565,127,74,20,32,0.423,0.763,104,51,58,1011,45,104,1.45,71,520,0.9203539823008849,BKN,"SF,SG"
Miles McBride,562,100,114,7,50,0.452,0.86,109,30,68,1328,43,96,3.8,108,519,0.9234875444839857,NYK,PG
Al Horford,562,413,168,62,38,0.511,0.867,108,48,65,1740,26,106,3.5,93,536,0.9537366548042705,BOS,"PF,C"
Cason Wallace,561,187,120,37,76,0.491,0.784,98,45,82,1692,29,119,2.67,129,532,0.948306595365419,OKC,"PG,SG"
Onyeka Okongwu,561,376,74,60,26,0.611,0.793,23,45,55,1405,92,200,1.64,162,469,0.8360071301247772,ATL,"C,PF"
Dalano Banton,557,178,127,20,33,0.404,0.783,59,77,54,1047,94,143,1.65,64,463,0.8312387791741472,POR,"PG,SG"
Ausar Thompson,556,402,120,59,68,0.483,0.597,21,84,63,1583,71,211,1.43,175,485,0.8723021582733813,DET,"PF,SF,SG"
Jakob Poeltl,555,429,127,76,35,0.656,0.551,0,77,50,1319,59,248,1.65,149,496,0.8936936936936937,TOR,C
Aaron Wiggins,542,186,86,19,56,0.562,0.789,62,56,78,1228,56,150,1.54,91,486,0.8966789667896679,OKC,"SG,SF"
Trayce Jackson-Davis,540,341,82,76,29,0.702,0.561,0,49,68,1130,74,233,1.67,108,466,0.8629629629629629,GSW,"C,PF"
Chris Paul,533,225,393,6,70,0.441,0.827,78,76,58,1531,43,128,5.17,108,490,0.9193245778611632,GSW,PG
Moses Moody,533,196,57,24,42,0.462,0.785,72,44,66,1156,73,122,1.3,90,460,0.8630393996247655,GSW,"SF,SG"
Peyton Watson,532,258,86,88,42,0.465,0.67,45,58,80,1488,71,163,1.48,143,461,0.8665413533834586,DEN,"PF,SF,SG"
Bilal Coulibaly,532,256,110,48,57,0.435,0.702,64,87,63,1715,92,124,1.26,137,440,0.8270676691729323,WAS,"SF,SG"
Jaden Hardy,530,131,109,4,22,0.407,0.776,81,62,73,989,59,114,1.76,80,471,0.8886792452830189,DAL,"PG,SG"
Toumani Camara,527,343,87,33,66,0.45,0.758,58,84,70,1739,75,139,1.04,174,452,0.857685009487666,POR,"PF,SF"
LaMelo Ball,526,113,176,4,40,0.433,0.865,70,83,22,711,90,113,2.12,79,436,0.8288973384030418,CHA,"PG,SG"
Jordan Hawkins,524,148,70,7,19,0.382,0.838,109,40,67,1160,67,65,1.75,72,457,0.8721374045801527,NOR,SG
Vince Williams Jr.,521,290,175,34,47,0.446,0.8,79,92,52,1436,104,90,1.9,135,417,0.800383877159309,MEM,"PG,SF,SG"
Walker Kessler,518,481,60,154,30,0.654,0.602,4,66,64,1493,56,225,0.91,132,462,0.8918918918918919,UTH,C
Talen Horton-Tucker,516,121,177,19,45,0.396,0.807,60,65,51,1009,88,124,2.72,94,428,0.8294573643410853,UTH,"PG,SF,SG"
Dario Saric,515,283,144,10,31,0.467,0.85,74,78,64,1098,79,107,1.85,112,436,0.8466019417475729,GSW,"PF,C"
Aaron Holiday,514,123,140,6,42,0.446,0.921,84,53,78,1269,58,102,2.64,125,456,0.8871595330739299,HOU,"PG,SG"
Shaedon Sharpe,510,160,94,12,28,0.406,0.824,60,72,32,1059,98,116,1.31,88,412,0.807843137254902,POR,"SF,SG"
Gradey Dick,510,132,68,2,34,0.425,0.863,88,50,60,1268,44,101,1.36,87,466,0.9137254901960784,TOR,"SF,SG"
Jeff Green,509,178,70,31,16,0.456,0.819,53,46,78,1307,122,114,1.52,100,387,0.7603143418467584,HOU,"C,PF"
Kyle Anderson,506,273,331,47,71,0.46,0.708,11,91,79,1782,97,188,3.64,128,409,0.808300395256917,MIN,"SF,PF"
Julian Champagnie,504,206,103,42,48,0.408,0.815,101,57,74,1468,75,63,1.81,77,429,0.8511904761904762,SAS,"PF,SF,SG"
Isaiah Stewart,503,305,73,38,17,0.487,0.753,67,66,46,1423,64,119,1.11,99,439,0.8727634194831014,DET,"PF,C"
Gordon Hayward,500,181,158,13,40,0.464,0.742,37,66,51,1245,89,150,2.39,67,411,0.822,OKC,SF
Cedi Osman,489,180,119,11,36,0.479,0.673,86,47,72,1269,35,98,2.53,107,454,0.9284253578732107,SAS,"PF,SF"
Zach LaVine,487,129,98,8,21,0.452,0.854,59,52,25,872,88,111,1.88,57,399,0.8193018480492813,CHI,"SG,SF"
Kyle Lowry,487,194,253,21,59,0.432,0.84,98,85,60,1690,63,65,2.98,146,424,0.8706365503080082,PHI,PG
Sam Merrill,485,120,108,4,19,0.402,0.929,143,19,61,1069,26,15,5.68,72,459,0.9463917525773196,CLE,SG
Kevin Love,485,338,115,10,18,0.44,0.787,84,48,55,924,85,74,2.4,97,400,0.8247422680412371,MIA,"PF,C"
Dereck Lively II,483,378,60,77,36,0.747,0.506,0,50,55,1294,41,221,1.2,144,442,0.9151138716356108,DAL,C
Draymond Green,475,398,332,47,55,0.497,0.73,51,135,55,1490,54,134,2.46,166,421,0.8863157894736842,GSW,"PF,C"
Josh Green,469,185,130,9,47,0.479,0.684,72,60,57,1505,39,107,2.17,107,430,0.9168443496801706,DAL,"SG,SF"
Naji Marshall,466,240,128,12,49,0.463,0.791,58,65,66,1257,68,112,1.97,91,398,0.8540772532188842,NOR,"PF,SF,SG"
Amir Coffey,463,148,76,14,41,0.472,0.859,70,33,70,1460,61,96,2.3,102,402,0.8682505399568035,LAC,"SF,SG"
Ochai Agbaji,455,216,83,44,47,0.411,0.661,62,64,78,1642,37,116,1.3,117,418,0.9186813186813186,TOR,"PG,SF,SG"
Patrick Beverley,451,239,212,31,43,0.417,0.822,61,65,73,1462,74,97,3.26,128,377,0.835920177383592,MIL,PG
James Wiseman,446,336,54,39,12,0.613,0.706,0,66,63,1091,72,187,0.82,141,374,0.8385650224215246,DET,C
Trendon Watford,432,194,81,19,23,0.527,0.794,27,63,63,856,77,137,1.29,106,355,0.8217592592592593,BKN,PF
Patrick Williams,429,166,66,33,40,0.443,0.788,59,57,43,1174,52,100,1.16,87,377,0.8787878787878788,CHI,"PF,SF"
Luke Kennard,429,113,136,2,20,0.448,0.889,107,54,39,999,40,34,2.52,39,389,0.9067599067599068,MEM,"PG,SG"
Pat Connaughton,428,239,161,19,40,0.435,0.759,82,49,76,1676,44,69,3.29,99,384,0.897196261682243,MIL,"SG,SF"
Dante Exum,428,149,157,5,22,0.533,0.779,53,49,55,1088,53,108,3.2,85,375,0.8761682242990654,DAL,"PG,SG"
Josh Richardson,425,121,105,14,24,0.444,0.944,66,36,43,1103,51,88,2.92,76,374,0.88,MIA,"PG,SF,SG"
David Roddy,425,211,80,11,27,0.403,0.691,48,57,65,1177,47,117,1.4,72,378,0.8894117647058823,PHO,"PF,SF"
Vasilije Micic,422,88,262,7,31,0.43,0.813,43,99,60,1176,61,116,2.65,68,361,0.8554502369668247,CHA,"PG,SG"
De'Anthony Melton,421,141,114,16,60,0.386,0.835,77,39,38,1023,66,62,2.92,84,355,0.8432304038004751,PHI,"PG,SG"
Ziaire Williams,420,180,75,9,36,0.397,0.827,58,66,51,1038,62,92,1.14,85,358,0.8523809523809524,MEM,"SF,SG"
Trey Lyles,419,257,72,19,17,0.446,0.7,84,38,58,1158,49,59,1.89,86,370,0.883054892601432,SAC,"PF,C"
Day'Ron Sharpe,415,389,85,44,24,0.571,0.61,4,70,61,921,75,164,1.21,131,340,0.8192771084337349,BKN,C
Haywood Highsmith,405,210,70,30,53,0.465,0.639,76,34,66,1366,23,77,2.06,117,382,0.9432098765432099,MIA,"PF,SF"
Jose Alvarado,397,128,117,15,59,0.412,0.673,78,40,56,1028,35,64,2.93,89,362,0.9118387909319899,NOR,PG
Jonathan Isaac,393,260,30,70,43,0.511,0.72,42,27,58,914,59,104,1.11,64,334,0.8498727735368957,ORL,"SF,PF"
Isaiah Jackson,383,238,50,61,34,0.665,0.716,0,39,58,771,73,155,1.28,137,310,0.8093994778067886,IND,"C,PF"
Tre Mann,382,149,165,3,51,0.459,0.763,47,65,41,987,45,98,2.54,48,337,0.8821989528795812,CHA,"SG,PG"
Malachi Flynn,380,114,130,8,38,0.419,0.732,56,63,69,877,52,80,2.06,66,328,0.8631578947368421,DET,PG
Davion Mitchell,379,95,134,3,17,0.452,0.714,57,43,72,1101,30,89,3.12,85,349,0.920844327176781,SAC,"SG,PG"
Jake LaRavia,379,128,58,12,29,0.389,0.826,53,45,35,806,90,65,1.29,69,289,0.762532981530343,MEM,"PF,SF"
Drew Eubanks,379,322,63,61,27,0.601,0.774,3,61,75,1169,72,149,1.03,115,307,0.8100263852242744,PHO,"PF,C"
Daniel Theis,376,244,61,51,21,0.532,0.76,26,42,60,1015,38,130,1.45,127,338,0.898936170212766,LAC,"C,PF"
Kris Murray,376,224,80,21,53,0.396,0.661,49,55,62,1348,37,96,1.45,92,339,0.901595744680851,POR,"PF,SF"
Gary Harris,372,90,87,14,49,0.441,0.756,76,31,54,1297,34,55,2.81,91,338,0.9086021505376344,ORL,"SG,SF"
Dennis Smith Jr.,369,164,203,12,68,0.435,0.741,32,68,56,1059,43,115,2.99,121,326,0.8834688346883469,BKN,"PG,SG"
Jordan Goodwin,368,253,155,18,48,0.369,0.746,42,56,57,1056,44,99,2.77,76,324,0.8804347826086957,MEM,"PG,SG"
Jordan Nwora,364,149,62,13,26,0.462,0.83,44,53,52,711,44,94,1.17,48,320,0.8791208791208791,TOR,"PF,SF"
Quentin Grimes,359,100,66,7,35,0.372,0.756,81,28,51,1025,34,41,2.36,75,325,0.9052924791086351,DET,"SF,SG"
Kris Dunn,357,189,254,28,68,0.47,0.688,41,79,66,1249,22,106,3.22,135,335,0.938375350140056,UTH,"PG,SG"
Jevon Carter,357,60,94,16,37,0.378,0.571,77,36,72,1004,4,61,2.61,71,353,0.988795518207283,CHI,"PG,SG"
Matisse Thybulle,354,136,90,49,113,0.398,0.759,80,40,65,1487,22,46,2.25,93,332,0.9378531073446328,POR,"SG,SF"
Dyson Daniels,354,236,164,25,85,0.447,0.642,42,59,61,1358,34,97,2.78,101,320,0.903954802259887,NOR,"PG,SG"
Nikola Jovic,352,192,90,14,25,0.452,0.702,65,42,46,896,33,62,2.14,82,319,0.90625,MIA,"C,PF,SF"
Doug McDermott,351,59,70,2,16,0.433,0.579,94,28,64,904,11,29,2.5,64,340,0.9686609686609686,IND,"SF,PF"
Larry Nance Jr.,350,307,113,19,61,0.573,0.771,27,49,61,1216,47,111,2.31,98,303,0.8657142857142858,NOR,"PF,C"
Christian Wood,347,254,49,33,16,0.466,0.702,35,50,50,872,66,88,0.98,72,281,0.8097982708933718,LAL,"PF,C"
Markelle Fultz,335,138,120,15,42,0.472,0.697,4,50,43,910,23,150,2.4,65,312,0.9313432835820895,ORL,"PG,SG"
Kevon Looney,334,419,133,29,28,0.597,0.675,0,50,74,1194,56,139,2.66,155,278,0.8323353293413174,GSW,"PF,C"
Luke Kornet,334,261,67,61,23,0.7,0.907,1,21,63,983,49,141,3.19,77,285,0.8532934131736527,BOS,C
Chimezie Metu,332,194,46,16,43,0.504,0.906,28,52,51,859,58,95,0.88,71,274,0.8253012048192772,DET,"PF,C"
Landry Shamet,327,62,54,10,25,0.431,0.826,53,30,46,726,38,65,1.8,76,289,0.8837920489296636,WAS,"PG,SG"
Kenrich Williams,325,209,93,9,38,0.468,0.5,56,32,69,1029,7,75,2.91,101,318,0.9784615384615385,OKC,"SF,PF"
Garrison Mathews,325,92,37,8,20,0.456,0.81,85,19,66,992,34,18,1.95,115,291,0.8953846153846153,ATL,"SG,SF"
Chris Boucher,322,207,23,24,14,0.507,0.772,31,28,50,705,71,79,0.82,68,251,0.7795031055900621,TOR,"C,PF"
Nicolas Batum,320,248,128,38,48,0.453,0.714,73,40,60,1529,15,43,3.2,109,305,0.953125,PHI,"PF,SF,SG"
Marcus Morris Sr.,316,134,36,13,15,0.439,0.818,48,30,49,817,36,68,1.2,74,280,0.8860759493670886,CLE,"PF,C,SF"
Anthony Black,316,139,91,21,35,0.466,0.613,37,56,69,1164,49,78,1.63,110,267,0.8449367088607594,ORL,"PG,SG"
Jae Crowder,312,161,66,9,38,0.422,0.722,58,23,50,1156,26,56,2.87,74,286,0.9166666666666666,MIL,"SF,PF"
Goga Bitadze,311,286,79,72,32,0.603,0.655,2,44,62,957,57,124,1.8,107,254,0.8167202572347267,ORL,C
Keon Ellis,310,124,85,29,51,0.461,0.743,70,37,57,978,26,37,2.3,112,284,0.9161290322580645,SAC,"PG,SF,SG"
Jaxson Hayes,303,211,33,29,34,0.72,0.622,0,43,70,877,51,126,0.77,123,252,0.8316831683168316,LAL,"C,PF"
Torrey Craig,303,217,58,21,30,0.43,0.75,60,32,53,1049,27,48,1.81,110,276,0.9108910891089109,CHI,"PF,SF"
Nick Smith Jr.,302,72,59,7,10,0.391,0.867,63,39,51,729,13,50,1.51,55,289,0.956953642384106,CHA,"PG,SG"
Bryce McGowens,302,102,51,10,21,0.439,0.777,34,30,59,882,66,67,1.7,74,236,0.7814569536423841,CHA,"SF,SG"
Joe Ingles,296,142,203,5,43,0.436,0.824,70,67,68,1169,28,29,3.03,88,268,0.9054054054054054,ORL,"PF,SF"
Taylor Hendricks,292,185,32,30,28,0.45,0.793,53,27,40,856,23,55,1.19,77,269,0.9212328767123288,UTH,PF
Dean Wade,291,218,43,25,40,0.414,0.769,79,20,54,1108,20,17,2.15,93,271,0.9312714776632303,CLE,"PF,SF"
Davis Bertans,290,61,35,12,26,0.393,0.909,76,18,44,674,30,16,1.94,56,260,0.896551724137931,CHA,"PF,C"
Marcus Smart,289,53,86,5,41,0.43,0.768,42,62,20,605,43,60,1.39,53,246,0.8512110726643599,MEM,"PG,SG"
Craig Porter Jr.,285,109,118,15,21,0.509,0.732,12,45,51,649,41,104,2.62,40,244,0.856140350877193,CLE,"PG,SG"
Xavier Tillman Sr.,284,211,77,44,51,0.434,0.44,20,34,54,974,22,101,2.26,75,262,0.9225352112676056,BOS,"PF,C"
Max Christie,284,142,60,17,20,0.427,0.783,42,35,67,944,36,61,1.71,57,248,0.8732394366197183,LAL,"SF,SG"
Bruno Fernando,282,193,46,28,25,0.583,0.667,0,44,45,682,64,109,1.05,107,218,0.7730496453900709,ATL,C
Danilo Gallinari,280,108,55,6,14,0.437,0.857,30,23,49,629,84,53,2.39,50,196,0.7,MIL,"SF,PF"
Josh Okogie,277,154,64,24,48,0.418,0.745,29,36,60,960,76,57,1.78,68,201,0.7256317689530686,PHO,"SG,SF"
Jaylin Williams,276,234,110,27,28,0.417,0.805,53,34,69,897,33,42,3.24,98,243,0.8804347826086957,OKC,"C,PF"
Jock Landale,274,172,65,33,20,0.515,0.8,10,31,56,764,52,96,2.1,74,222,0.8102189781021898,HOU,C
Lamar Stevens,272,127,28,22,23,0.45,0.778,14,24,38,559,42,94,1.17,45,230,0.8455882352941176,MEM,"PF,SF"
Scotty Pippen Jr.,271,67,98,10,36,0.493,0.746,30,56,21,527,41,70,1.75,60,230,0.8487084870848709,MEM,"PG,SG"
Blake Wesley,268,94,166,9,29,0.474,0.667,12,55,61,876,52,90,3.02,89,216,0.8059701492537313,SAS,"PG,SG"
Jae'Sean Tate,265,197,64,15,42,0.472,0.667,23,37,65,1031,26,85,1.73,137,239,0.9018867924528302,HOU,"SF,PF"
Cam Reddish,260,99,48,14,47,0.389,0.759,37,31,48,984,41,54,1.55,64,219,0.8423076923076923,LAL,"PF,SF,SG"
Bones Hyland,256,55,93,4,26,0.387,0.783,44,44,37,540,18,53,2.11,51,238,0.9296875,LAC,"PG,SG"
Mo Bamba,253,238,41,60,22,0.49,0.68,25,39,57,740,34,72,1.05,101,219,0.8656126482213439,PHI,C
Caleb Houstan,253,84,29,4,15,0.388,0.808,72,16,59,815,21,8,1.81,61,232,0.9169960474308301,ORL,"PF,SF,SG"
Ben Sheppard,252,89,53,2,33,0.393,0.885,49,15,57,814,23,41,3.53,88,229,0.9087301587301587,IND,"SF,SG"
AJ Green,252,64,30,4,9,0.424,0.895,69,12,56,614,17,14,2.5,49,235,0.9325396825396826,MIL,"PG,SG"
Jared Butler,251,58,126,8,29,0.488,0.861,24,50,40,566,31,74,2.52,58,220,0.8764940239043825,WAS,"PG,SG"
Troy Brown Jr.,247,144,60,3,24,0.372,0.865,47,30,59,827,32,37,2.0,42,215,0.8704453441295547,DET,"PF,SF"
Mason Plumlee,244,234,55,17,14,0.569,0.707,0,36,46,674,70,87,1.53,68,174,0.7131147540983607,LAC,C
Mark Williams,242,184,22,20,16,0.649,0.719,0,17,19,508,46,98,1.29,50,196,0.8099173553719008,CHA,C
Brice Sensabaugh,241,102,55,6,13,0.39,0.902,34,47,32,584,37,51,1.17,43,204,0.8464730290456431,UTH,SF
Gary Payton II,240,113,48,18,39,0.563,0.609,20,27,44,680,14,83,1.78,77,226,0.9416666666666667,GSW,"PG,SF,SG"
John Konchar,235,257,110,51,51,0.423,0.84,38,46,55,1173,21,50,2.39,76,214,0.9106382978723404,MEM,"SF,SG"
Justin Holiday,234,71,67,9,36,0.454,0.75,55,14,58,862,3,33,4.79,69,231,0.9871794871794872,DEN,"SG,SF"
Chris Duarte,230,106,44,8,28,0.381,0.788,44,26,59,719,26,36,1.69,80,204,0.8869565217391304,SAC,"SF,SG"
Julian Strawther,227,61,47,7,17,0.369,0.71,41,23,50,545,22,41,2.04,54,205,0.9030837004405287,DEN,"SF,SG"
Ja Morant,226,50,73,5,7,0.471,0.813,14,27,9,318,52,66,2.7,19,174,0.7699115044247787,MEM,PG
Seth Curry,226,68,44,6,22,0.392,0.903,38,21,44,615,28,42,2.1,39,198,0.8761061946902655,CHA,"PG,SG"
Sasha Vezenkov,225,96,19,7,20,0.44,0.8,45,12,42,511,12,39,1.58,42,213,0.9466666666666667,SAC,PF
KJ Martin Jr.,224,131,51,12,22,0.536,0.537,8,32,60,746,22,89,1.59,100,202,0.9017857142857143,PHI,SF
Bol Bol,223,137,17,25,10,0.616,0.79,22,19,43,469,15,71,0.89,42,208,0.9327354260089686,PHO,"PF,C"
Omer Yurtseven,222,208,29,18,8,0.538,0.679,5,37,48,545,19,94,0.78,52,203,0.9144144144144144,UTH,C
Evan Fournier,220,58,48,7,29,0.358,0.806,33,21,32,580,29,46,2.29,48,191,0.8681818181818182,DET,"SG,SF"
Thomas Bryant,217,141,23,16,10,0.577,0.872,4,21,38,441,41,82,1.1,46,176,0.8110599078341014,MIA,C
Shake Milton,216,75,60,6,19,0.405,0.816,18,31,48,581,40,61,1.94,54,176,0.8148148148148148,NYK,"PG,SG"
Tari Eason,215,153,27,19,31,0.466,0.636,18,20,22,480,21,70,1.35,51,194,0.9023255813953488,HOU,"PF,SF"
Jalen Wilson,214,131,45,4,11,0.425,0.826,24,19,43,664,38,52,2.37,48,176,0.822429906542056,BKN,"PF,SF"
MarJon Beauchamp,211,99,31,7,13,0.488,0.679,30,27,48,608,19,51,1.15,54,192,0.909952606635071,MIL,"SF,SG"
Cody Martin,211,109,104,18,32,0.381,0.606,27,44,28,753,20,55,2.36,48,191,0.9052132701421801,CHA,"SG,SF"
Delon Wright,210,86,119,11,54,0.394,0.822,25,14,47,742,37,49,8.5,32,173,0.8238095238095238,MIA,"PG,SG"
Dwight Powell,208,214,84,20,26,0.679,0.708,1,32,63,836,63,71,2.63,113,145,0.6971153846153846,DAL,C
Eugene Omoruyi,207,85,35,5,27,0.485,0.653,13,21,43,393,32,68,1.67,62,175,0.8454106280193237,WAS,"C,PF,SF"
Oshae Brissett,201,160,44,8,19,0.444,0.602,15,20,55,630,50,53,2.2,54,151,0.7512437810945274,BOS,"SF,PF"
Richaun Holmes,199,182,25,19,11,0.558,0.723,1,24,40,554,34,81,1.04,74,165,0.8291457286432161,WAS,"PF,C"
JT Thor,199,146,29,27,11,0.437,0.55,28,15,63,781,11,52,1.93,60,188,0.9447236180904522,CHA,PF
Keita Bates-Diop,197,110,38,22,25,0.434,0.762,21,15,53,665,32,51,2.53,35,165,0.8375634517766497,BKN,"SF,PF"
Jordan McLaughlin,195,72,110,7,35,0.483,0.722,42,19,56,626,13,28,5.79,31,182,0.9333333333333333,MIN,PG
Derrick Rose,191,45,78,2,8,0.461,0.889,15,31,24,399,24,61,2.52,21,167,0.8743455497382199,MEM,PG
Maxi Kleber,191,143,68,30,17,0.432,0.702,32,28,43,871,33,31,2.43,79,158,0.8272251308900523,DAL,"PF,C"
Sandro Mamukelashvili,190,147,49,12,7,0.471,0.735,19,19,46,451,25,54,2.58,35,165,0.868421052631579,SAS,C
Anthony Gill,189,94,34,11,13,0.469,0.806,10,23,50,466,29,65,1.48,48,160,0.8465608465608465,WAS,"C,PF,SF"
Zeke Nnaji,186,126,32,38,15,0.463,0.677,6,27,58,576,42,63,1.19,81,144,0.7741935483870968,DEN,"PF,C"
JaVale McGee,185,126,17,20,14,0.599,0.578,1,34,46,339,26,78,0.5,46,159,0.8594594594594595,SAC,C
Dalen Terry,180,113,81,18,27,0.44,0.581,17,32,59,681,25,52,2.53,81,155,0.8611111111111112,CHI,"PG,SF,SG"
Bismack Biyombo,174,209,53,37,11,0.565,0.482,0,42,40,792,26,74,1.26,89,148,0.8505747126436781,OKC,C
Ricky Council IV,173,46,16,1,8,0.482,0.747,12,5,32,289,53,42,3.2,17,120,0.6936416184971098,PHI,SG
Mitchell Robinson,173,263,18,35,37,0.575,0.409,0,25,31,768,27,73,0.72,55,146,0.8439306358381503,NYK,C
Jacob Gilyard,173,46,137,5,33,0.4,1.0,51,30,41,698,2,9,4.57,39,171,0.9884393063583815,BKN,PG
Trey Jemison,171,134,27,28,12,0.552,0.84,0,34,25,574,21,75,0.79,69,150,0.8771929824561403,MEM,C
Jalen McDaniels,169,79,37,6,19,0.344,0.73,12,30,50,538,27,53,1.23,52,142,0.8402366863905325,TOR,"PF,SF"
Patrick Baldwin Jr.,168,123,29,15,18,0.381,0.679,31,19,38,493,19,28,1.53,56,149,0.8869047619047619,WAS,"PF,SF"
Brandon Boston Jr.,167,52,13,8,11,0.404,0.697,14,24,32,345,23,51,0.54,40,144,0.8622754491017964,LAC,"PG,SF,SG"
Lester Quinones,164,72,36,2,6,0.397,0.69,32,17,37,394,20,24,2.12,44,144,0.8780487804878049,GSW,"PG,SG"
Monte Morris,164,57,69,9,19,0.405,0.684,27,7,33,476,13,35,9.86,14,151,0.9207317073170732,MIN,PG
Jaden Springer,163,78,44,15,36,0.399,0.833,10,34,49,507,35,49,1.29,66,128,0.7852760736196319,BOS,"PG,SG"
Svi Mykhailiuk,162,51,35,1,11,0.416,0.667,42,12,41,413,6,15,2.92,19,156,0.9629629629629629,BOS,"SF,SG"
Tristan Thompson,161,174,51,14,12,0.608,0.289,0,29,49,549,15,73,1.76,59,146,0.906832298136646,CLE,"PF,C"
Mike Muscala,157,125,36,13,9,0.359,0.68,28,22,53,600,17,28,1.64,52,140,0.89171974522293,OKC,"C,PF"
Skylar Mays,155,43,85,4,21,0.396,0.765,16,20,38,433,13,47,4.25,26,142,0.9161290322580645,LAL,"PG,SG"
Rayan Rupert,155,92,62,3,12,0.335,0.76,28,31,39,633,19,26,2.0,56,136,0.8774193548387097,POR,"SF,SG"
Neemias Queta,154,122,20,21,13,0.644,0.714,0,13,28,333,20,67,1.54,50,134,0.8701298701298701,BOS,C
Javon Freeman-Liberty,153,70,40,4,10,0.444,0.917,10,25,22,403,33,45,1.6,28,120,0.7843137254901961,TOR,PG
Nassir Little,152,75,21,10,10,0.46,0.85,21,14,45,458,17,36,1.5,39,135,0.8881578947368421,PHO,"PF,SF"
Matt Ryan,152,40,18,1,6,0.434,0.929,41,19,28,390,13,8,0.95,32,139,0.9144736842105263,NOR,"SF,SG"
Johnny Davis,152,72,32,10,18,0.403,0.583,14,13,50,613,14,48,2.46,57,138,0.9078947368421053,WAS,"SF,SG"
Jarred Vanderbilt,150,138,36,5,36,0.518,0.667,8,28,29,581,24,51,1.29,43,126,0.84,LAL,PF
Aleksej Pokusevski,146,89,35,13,15,0.405,0.732,18,19,28,405,30,31,1.84,22,116,0.7945205479452054,CHA,"C,PF"
Johnny Juzang,144,36,23,2,4,0.464,0.714,32,13,20,372,10,19,1.77,29,134,0.9305555555555556,UTH,"SF,SG"
Dominick Barlow,144,113,36,14,12,0.496,0.691,3,9,33,420,29,53,4.0,47,115,0.7986111111111112,SAS,"PF,SF"
DeAndre Jordan,142,157,26,16,6,0.624,0.491,0,23,36,396,26,58,1.13,56,116,0.8169014084507042,DEN,C
Thaddeus Young,137,103,57,5,23,0.602,0.4,1,15,33,439,6,64,3.8,49,131,0.9562043795620438,PHO,"C,PF"
Lindy Waters III,137,40,24,7,5,0.471,1.0,37,7,38,280,2,12,3.43,23,135,0.9854014598540146,OKC,"PF,SF,SG"
A.J. Lawson,136,50,20,3,10,0.446,0.652,13,14,42,311,15,41,1.43,22,121,0.8897058823529411,DAL,"PF,SF,SG"
Vit Krejci,135,52,50,6,13,0.49,0.833,28,20,22,541,5,23,2.5,48,130,0.9629629629629629,ATL,"PG,SG"
Noah Clowney,133,81,18,16,8,0.538,0.7,12,15,23,370,21,38,1.2,25,112,0.8421052631578947,BKN,PF
Ousmane Dieng,133,51,37,5,8,0.422,0.875,21,19,33,365,14,28,1.95,22,119,0.8947368421052632,OKC,"PF,SF"
Patty Mills,127,35,34,1,20,0.351,1.0,24,16,32,415,11,22,2.13,32,116,0.9133858267716536,MIA,"PG,SG"
Robert Covington,127,97,24,18,39,0.439,0.846,19,11,29,488,22,24,2.18,56,105,0.8267716535433071,PHI,"PF,SF"
Stanley Umude,127,51,11,7,8,0.441,0.906,24,14,24,307,29,13,0.79,40,98,0.7716535433070866,DET,SG
Andre Jackson Jr.,125,113,50,6,16,0.5,0.727,17,28,57,572,8,33,1.79,92,117,0.936,MIL,"PG,SG"
Olivier-Maxence Prosper,121,79,22,4,7,0.385,0.683,13,8,40,336,28,27,2.75,20,93,0.768595041322314,DAL,"PF,SF"
Jarace Walker,120,63,40,11,15,0.409,0.889,22,17,33,340,8,23,2.35,29,112,0.9333333333333333,IND,PF
Alex Len,120,128,50,33,11,0.617,0.588,0,27,48,444,20,50,1.85,66,100,0.8333333333333334,SAC,C
Yuta Watanabe,117,54,15,7,12,0.353,0.588,25,19,34,464,10,16,0.79,39,107,0.9145299145299145,MEM,"SF,PF"
Jontay Porter,115,82,60,20,20,0.385,0.833,20,21,26,360,15,20,2.86,35,100,0.8695652173913043,TOR,"C,PF"
Jeremiah Robinson-Earl,115,76,21,4,10,0.474,0.75,13,16,39,334,12,32,1.31,24,103,0.8956521739130435,NOR,"C,PF"
Devonte' Graham,114,36,49,2,9,0.352,0.813,25,17,23,313,13,13,2.88,14,101,0.8859649122807017,SAS,"PG,SG"
Javonte Green,110,67,5,8,10,0.6,0.769,10,7,9,230,10,35,0.71,19,100,0.9090909090909091,CHI,"SF,SG"
Wesley Matthews,110,53,23,11,16,0.351,0.75,24,8,36,413,18,10,2.88,43,92,0.8363636363636363,ATL,"SG,SF"
Damian Jones,107,62,15,13,7,0.597,0.857,3,13,39,270,18,40,1.15,27,89,0.8317757009345794,CLE,C
Chuma Okeke,107,80,20,7,9,0.357,0.571,23,16,47,432,4,17,1.25,19,103,0.9626168224299065,ORL,"PF,SF"
Tosan Evbuomwan,101,60,16,5,6,0.507,0.68,12,9,17,367,17,24,1.78,23,84,0.8316831683168316,DET,"PF,SF"
Luka Garza,99,31,4,1,4,0.48,0.72,9,6,25,122,18,27,0.67,24,81,0.8181818181818182,MIN,C
Orlando Robinson,99,84,34,8,7,0.5,0.76,8,18,36,304,19,28,1.89,35,80,0.8080808080808081,MIA,C
Jamal Cain,97,37,10,5,10,0.43,0.783,11,8,26,259,18,23,1.25,22,79,0.8144329896907216,MIA,"PF,SF,SG"
Kenneth Lofton Jr.,96,38,33,5,6,0.462,0.654,7,14,21,198,17,29,2.36,24,79,0.8229166666666666,UTH,"C,PF"
Reggie Bullock Jr.,96,73,15,5,12,0.415,1.0,27,10,44,417,1,7,1.5,29,95,0.9895833333333334,HOU,"PF,SF,SG"
Kessler Edwards,93,42,15,4,10,0.415,0.556,20,4,54,275,5,14,3.75,26,88,0.946236559139785,SAC,"SF,SG"
Jericho Sims,92,147,25,19,8,0.691,0.667,0,16,45,585,16,38,1.56,45,76,0.8260869565217391,NYK,"C,PF"
Ben Simmons,92,119,86,9,12,0.581,0.4,0,27,15,359,6,43,3.19,36,86,0.9347826086956522,BKN,"PF,PG,SG"
Julian Phillips,89,36,13,7,7,0.416,0.684,12,10,40,323,13,20,1.3,40,76,0.8539325842696629,CHI,SF
Justin Champagnie,89,53,19,9,10,0.41,0.8,13,10,15,235,12,19,1.9,14,77,0.8651685393258427,WAS,"SF,SG"
Kobe Brown,89,62,25,6,12,0.411,0.5,14,9,44,394,1,23,2.78,49,88,0.9887640449438202,LAC,"PF,SF"
Kira Lewis Jr.,89,26,37,2,9,0.37,0.85,4,14,28,264,17,30,2.64,13,72,0.8089887640449438,UTH,PG
Garrett Temple,88,45,28,3,12,0.372,0.818,12,14,27,289,18,17,2.0,28,70,0.7954545454545454,TOR,"PG,SG"
Collin Gillespie,87,21,27,0,13,0.464,0.667,15,14,24,225,8,17,1.93,24,79,0.9080459770114943,DEN,PG
Tristan Vukcevic,85,36,13,7,5,0.433,0.773,10,10,10,153,17,19,1.3,28,68,0.8,WAS,"C,PF"
Jared Rhoden,83,33,14,13,3,0.5,0.625,12,7,17,245,5,21,2.0,28,78,0.9397590361445783,DET,"PF,SF,SG"
Trent Forrest,83,51,92,3,11,0.378,0.765,2,20,38,414,13,32,4.6,25,70,0.8433734939759037,ATL,"PG,SG"
Gui Santos,82,49,14,2,4,0.509,0.941,10,7,23,192,16,18,2.0,23,66,0.8048780487804879,GSW,"PF,SF"
Jaylen Nowell,81,24,19,2,4,0.436,0.778,6,7,13,214,7,28,2.71,15,74,0.9135802469135802,DET,SG
Kobe Bufkin,81,33,27,5,7,0.37,0.5,9,10,17,196,4,25,2.7,20,77,0.9506172839506173,ATL,"PG,SG"
Onuralp Bitim,80,32,13,2,3,0.381,0.8,12,10,23,268,4,20,1.3,24,76,0.95,CHI,"SF,SG"
Ashton Hagans,80,45,54,9,11,0.409,0.824,8,30,19,316,14,21,1.8,40,66,0.825,POR,"PG,SG"
Cody Zeller,76,112,39,5,9,0.419,0.605,1,16,43,320,23,25,2.44,45,53,0.6973684210526315,NOR,C
Moses Brown,75,86,7,7,5,0.508,0.29,0,11,22,200,9,33,0.64,27,66,0.88,POR,C
Jules Bernard,74,26,16,1,3,0.453,0.556,11,8,19,149,5,18,2.0,14,69,0.9324324324324325,WAS,SG
Saben Lee,71,31,30,3,7,0.364,0.744,2,8,24,185,29,18,3.75,13,42,0.5915492957746479,PHO,PG
Leaky Black,69,48,24,11,8,0.481,0.667,9,6,26,284,10,16,4.0,19,59,0.855072463768116,CHA,"PF,SF"
Brandon Clarke,68,32,9,6,5,0.559,0.143,1,3,6,134,1,32,3.0,8,67,0.9852941176470589,MEM,"C,PF"
Markieff Morris,66,39,16,3,5,0.338,0.833,15,12,26,216,5,8,1.33,12,61,0.9242424242424242,DAL,PF
Colby Jones,64,40,20,5,7,0.394,0.546,2,10,30,192,6,26,2.0,29,58,0.90625,SAC,"SF,SG"
Charles Bassey,63,76,21,17,8,0.725,0.833,0,15,19,205,5,29,1.4,31,58,0.9206349206349206,SAS,C
Nate Williams,63,23,7,1,4,0.54,0.539,2,4,22,129,7,25,1.75,10,56,0.8888888888888888,HOU,"PG,SG"
Justin Minaya,61,56,21,10,9,0.297,0.556,12,9,34,381,5,10,2.33,35,56,0.9180327868852459,POR,SF
Harry Giles III,56,30,6,3,2,0.46,0.539,3,6,23,100,7,20,1.0,15,49,0.875,LAL,"PF,C"
Brandon Williams,54,13,17,1,1,0.37,0.647,3,7,17,113,11,17,2.43,4,43,0.7962962962962963,DAL,PG
Micah Potter,53,43,6,6,4,0.475,0.75,9,5,16,186,6,10,1.2,14,47,0.8867924528301887,UTH,"C,PF"
Terquavion Smith,52,4,12,0,8,0.391,0.6,13,7,16,84,3,5,1.71,8,49,0.9423076923076923,PHI,PG
P.J. Tucker,52,85,16,7,16,0.36,1.0,13,8,31,486,3,5,2.0,54,49,0.9423076923076923,LAC,"PF,SF"
Jeff Dowtin Jr.,52,20,27,1,7,0.556,0.75,9,5,12,142,3,11,5.4,1,49,0.9423076923076923,PHI,PG
Josh Minott,50,17,8,4,5,0.472,0.857,4,2,32,91,12,13,4.0,10,38,0.76,MIN,"PF,SF,SG"
Darius Bazley,48,28,7,7,6,0.6,0.833,2,8,9,152,10,16,0.88,3,38,0.7916666666666666,UTH,"C,PF,SF"
AJ Griffin,48,18,5,2,1,0.29,1.0,10,8,20,171,2,8,0.63,6,46,0.9583333333333334,ATL,"SF,SG"
Jahmi'us Ramsey,47,22,8,0,7,0.439,0.833,6,7,7,121,5,12,1.14,10,42,0.8936170212765957,TOR,"SG,PG"
Terry Taylor,46,37,10,2,5,0.513,0.8,2,7,31,188,4,18,1.43,17,42,0.9130434782608695,CHI,"C,PF,SG"
Sidy Cissoko,45,22,10,3,7,0.485,0.8,1,3,12,141,12,15,3.33,18,33,0.7333333333333333,SAS,"SF,SG"
Boban Marjanovic,45,32,6,2,1,0.529,0.643,0,5,14,71,9,18,1.2,5,36,0.8,HOU,C
Ryan Rollins,44,13,14,3,10,0.519,0.765,3,8,13,78,13,11,1.75,8,31,0.7045454545454546,MIL,"PG,SG"
Dylan Windler,43,16,10,0,2,0.5,0.0,13,2,17,108,0,2,5.0,6,43,1.0,ATL,SF
Cole Swider,42,7,5,1,1,0.395,1.0,10,8,18,87,2,5,0.63,4,40,0.9523809523809523,MIA,"PF,SF"
Jalen Pickett,42,14,21,0,4,0.429,0.75,9,9,27,122,3,6,2.33,13,39,0.9285714285714286,DEN,"PG,SG"
Zavier Simpson,42,20,25,3,7,0.315,0.75,5,10,7,161,3,12,2.5,11,39,0.9285714285714286,MEM,PG
T.J. Warren,41,22,9,1,4,0.439,0.75,2,4,11,125,3,16,2.25,11,38,0.926829268292683,MIN,"SF,PF"
Robert Williams III,41,38,5,7,7,0.654,0.778,0,7,6,119,7,17,0.71,17,34,0.8292682926829268,POR,C
Emoni Bates,41,14,10,2,1,0.306,0.25,10,8,15,133,1,5,1.25,5,40,0.975609756097561,CLE,SF
Trevelin Queen,40,20,18,5,7,0.368,0.75,3,7,14,165,9,11,2.57,15,31,0.775,ORL,SG
Marques Bolden,37,34,4,7,3,0.68,0.75,0,3,11,121,3,17,1.33,10,34,0.918918918918919,CHA,C
Adama Sanogo,36,36,0,0,1,0.519,0.667,0,5,9,66,8,14,0.0,5,28,0.7777777777777778,CHI,"C,PF"
Udoka Azubuike,35,32,3,6,1,0.696,0.231,0,4,16,113,3,16,0.75,17,32,0.9142857142857143,PHO,C
Ibou Badji,34,51,13,20,3,0.636,0.5,0,15,22,226,6,14,0.87,46,28,0.8235294117647058,POR,C
Jalen Hood-Schifino,34,13,8,2,3,0.222,0.6,2,9,21,109,12,8,0.89,13,22,0.6470588235294118,LAL,"PG,SG"
Buddy Boeheim,34,10,3,1,0,0.31,0.8,8,0,10,84,8,1,0.0,5,26,0.7647058823529411,DET,"SF,SG"
Gabe Vincent,34,9,21,0,9,0.306,0.5,3,5,11,218,1,12,4.2,19,33,0.9705882352941176,LAL,"PG,SG"
Taj Gibson,34,37,11,7,3,0.405,1.0,2,5,20,205,2,13,2.2,31,32,0.9411764705882353,DET,"PF,C"
Olivier Sarr,34,36,2,7,0,0.579,0.667,2,3,15,98,10,9,0.67,18,24,0.7058823529411765,OKC,C
Xavier Moon,33,18,21,3,3,0.326,0.5,2,5,14,119,1,13,4.2,8,32,0.9696969696969697,LAC,"PG,SG"
Nate Hinton,33,22,10,2,3,0.423,0.8,7,3,15,75,4,4,3.33,11,29,0.8787878787878788,HOU,SG
Thanasis Antetokounmpo,32,13,17,4,7,0.533,0.0,0,14,34,155,0,16,1.21,24,32,1.0,MIL,"SF,PF"
Jerome Robinson,31,6,5,3,1,0.333,0.636,2,2,22,81,7,9,2.5,5,24,0.7741935483870968,GSW,SG
Keon Johnson,31,7,3,1,3,0.381,0.917,4,5,5,61,11,4,0.6,5,20,0.6451612903225806,PHO,"PG,SG"
Jett Howard,29,7,6,2,2,0.333,0.5,7,3,18,67,2,3,2.0,4,27,0.9310344827586207,ORL,"SF,SG"
Moussa Diabate,29,24,4,1,5,0.526,0.643,0,2,11,64,9,10,2.0,4,20,0.6896551724137931,LAC,"C,PF"
Leonard Miller,29,20,8,1,2,0.65,0.5,2,1,17,52,1,11,8.0,5,28,0.9655172413793104,MIN,"PF,SF"
Daishen Nix,27,3,6,0,5,0.375,0.5,6,5,15,50,3,3,1.2,2,24,0.8888888888888888,MIN,"SG,PG"
Oscar Tshiebwe,26,16,2,1,2,0.5,0.75,0,0,8,42,6,10,0.0,3,20,0.7692307692307693,IND,"C,PF"
Chris Livingston,26,21,5,0,2,0.5,0.75,1,5,21,91,3,10,1.0,15,23,0.8846153846153846,MIL,SF
David Duke Jr.,26,10,5,0,2,0.556,1.0,3,3,4,51,3,7,1.67,4,23,0.8846153846153846,SAS,"SF,SG"
Admiral Schofield,26,17,7,0,1,0.385,0.0,6,5,23,84,0,4,1.4,9,26,1.0,ORL,"SF,PF"
Mouhamadou Gueye,26,23,5,18,3,0.29,0.444,0,12,11,120,4,11,0.42,15,22,0.8461538461538461,TOR,"C,PF"
Colin Castleton,24,12,3,0,2,0.563,1.0,0,3,16,59,6,9,1.0,11,18,0.75,LAL,"C,PF"
Mouhamed Gueye,24,22,4,4,5,0.348,0.833,3,1,6,73,5,5,4.0,13,19,0.7916666666666666,ATL,PF
Ish Wainright,23,14,1,1,4,0.292,1.0,7,2,11,62,2,0,0.5,8,21,0.9130434782608695,PHO,"PF,SF"
Isaiah Mobley,23,10,6,0,2,0.417,0.0,3,2,10,72,0,7,3.0,6,23,1.0,CLE,"C,PF"
Jay Huff,23,11,2,3,2,0.6,1.0,3,1,20,49,2,6,2.0,9,21,0.9130434782608695,DEN,C
Amari Bailey,23,9,7,0,3,0.333,0.857,1,4,10,65,6,7,1.75,2,17,0.7391304347826086,CHA,"PG,SF,SG"
RaiQuan Gray,23,7,6,1,1,0.588,0.0,3,1,3,39,0,7,6.0,0,23,1.0,SAS,PF
Braxton Key,22,18,9,1,2,0.412,0.75,2,1,20,60,6,5,9.0,5,16,0.7272727272727273,DEN,SF
Jamaree Bouyea,21,19,11,0,1,0.357,0.0,1,9,9,95,0,9,1.22,10,21,1.0,SAS,PG
Kendall Brown,21,5,5,0,0,0.533,0.625,0,2,15,63,5,8,2.5,9,16,0.7619047619047619,IND,"SF,SG"
Hunter Tyson,20,9,2,0,1,0.4,0.0,4,2,18,48,0,4,1.0,10,20,1.0,DEN,"PF,SF"
Kobi Simmons,20,7,12,2,6,0.429,0.0,2,1,4,67,0,7,12.0,5,20,1.0,TOR,"PG,SG"
Jermaine Samuels Jr.,20,13,3,2,1,0.643,1.0,0,0,14,60,2,9,0.0,5,18,0.9,HOU,SF
Malik Williams,19,38,2,4,3,0.265,0.0,1,3,7,107,0,8,0.67,15,19,1.0,TOR,C
Taze Moore,18,8,5,0,2,0.421,0.5,1,3,4,40,1,7,1.67,4,17,0.9444444444444444,POR,SG
Wendell Moore Jr.,18,12,6,1,5,0.5,0.0,0,4,25,75,0,9,1.5,5,18,1.0,MIN,"SF,SG"
Wenyen Gabriel,17,25,3,2,2,0.364,0.0,1,8,5,81,0,7,0.38,10,17,1.0,MEM,"C,PF,SF"
JD Davison,16,10,10,1,1,0.417,0.75,3,2,8,39,3,2,5.0,4,13,0.8125,BOS,"PG,SG"
Jordan Walsh,15,20,5,1,5,0.4,0.5,2,3,9,83,1,4,1.67,11,14,0.9333333333333333,BOS,SF
Greg Brown III,15,9,4,4,0,0.455,0.444,1,4,6,40,4,4,1.0,5,11,0.7333333333333333,DAL,"PF,SF"
Alex Fudge,15,5,0,0,3,0.4,1.0,1,2,6,40,2,5,0.0,2,13,0.8666666666666667,DAL,SF
DaQuan Jeffries,14,5,5,1,0,0.353,0.0,2,3,17,46,0,4,1.67,2,14,1.0,NYK,"SF,SG"
Seth Lundy,14,7,0,0,0,0.235,0.75,3,1,10,52,3,1,0.0,6,11,0.7857142857142857,ATL,"SF,SG"
Dereon Seabron,14,7,5,1,2,0.308,0.833,1,0,6,55,5,3,0.0,4,9,0.6428571428571429,NOR,"SF,SG"
TyTy Washington Jr.,14,5,5,0,3,0.3,0.0,2,2,11,56,0,4,2.5,1,14,1.0,MIL,PG
Jacob Toppin,13,7,3,1,0,0.556,1.0,1,1,9,38,2,4,3.0,3,11,0.8461538461538461,NYK,SF
Timmy Allen,13,17,5,0,4,0.261,0.5,0,2,5,125,1,6,2.5,18,12,0.9230769230769231,MEM,SF
Jordan Miller,13,5,0,0,0,0.556,1.0,1,1,8,28,2,4,0.0,2,11,0.8461538461538461,LAC,SF
Mamadi Diakite,12,4,2,1,1,0.667,0.667,0,1,6,24,4,4,2.0,2,8,0.6666666666666666,NYK,"C,PF"
Jason Preston,12,17,16,1,2,0.316,0.0,0,2,7,71,0,6,8.0,3,12,1.0,UTH,PG
Jordan Ford,12,2,2,0,0,0.571,1.0,2,1,6,22,2,2,2.0,0,10,0.8333333333333334,SAC,PG
Maxwell Lewis,11,4,6,1,2,0.191,0.667,1,10,34,103,2,3,0.6,5,9,0.8181818181818182,LAL,SF
Keyontae Johnson,11,10,4,0,1,0.313,0.0,1,4,9,66,0,4,1.0,5,11,1.0,OKC,"SF,SG"
D.J. Carton,11,4,3,0,1,0.375,0.8,1,1,4,36,4,2,3.0,3,7,0.6363636363636364,TOR,PG
Drew Peterson,11,1,1,0,2,0.667,0.0,3,1,3,23,0,1,1.0,1,11,1.0,BOS,SF
Henri Drell,11,4,4,1,2,0.4,0.5,2,2,4,30,1,2,2.0,6,10,0.9090909090909091,CHI,SF
D.J. Wilson,10,2,2,2,0,0.667,0.0,2,0,2,15,0,2,0.0,1,10,1.0,PHI,"PF,C"
RJ Hampton Jr.,10,6,8,0,0,0.286,0.5,1,3,8,76,1,3,2.67,8,9,0.9,WAS,"PG,SG"
James Johnson,8,4,8,1,5,0.3,1.0,0,5,9,47,2,3,1.6,9,6,0.75,IND,PF
Jalen Slawson,8,7,2,1,1,0.667,0.0,0,2,12,37,0,4,1.0,8,8,1.0,SAC,"PF,SF"
Isaiah Thomas,8,0,3,0,0,0.3,0.0,2,0,6,19,0,1,0.0,0,8,1.0,PHO,PG
Mason Jones,7,5,5,0,1,0.25,0.5,2,2,5,28,1,0,2.5,3,6,0.8571428571428571,SAC,SG
Jack White,6,12,1,1,4,0.125,0.0,2,2,4,64,0,0,0.5,3,6,1.0,MEM,"PF,SF"
Charlie Brown Jr.,6,2,0,2,0,0.2,0.0,2,2,8,37,0,0,0.0,5,6,1.0,NYK,"SF,SG"
Alondes Williams,5,1,0,1,0,0.25,1.0,0,2,7,16,1,2,0.0,2,4,0.8,MIA,"PG,SG"
Izaiah Brockington,4,2,0,0,0,0.4,0.0,0,0,1,3,0,2,0.0,0,4,1.0,NOR,SG
Ty Jerome,4,1,3,0,0,0.5,0.0,0,1,2,15,0,2,3.0,2,4,1.0,CLE,"PG,SG"
Pat Spencer,4,4,5,0,0,0.5,0.0,0,1,6,26,0,2,5.0,1,4,1.0,GSW,"PG,SG"
E.J. Liddell,4,5,1,2,2,0.167,1.0,0,2,8,23,2,1,0.5,2,2,0.5,NOR,PF
Kevon Harris,4,2,1,0,0,0.667,0.0,0,1,2,6,0,2,1.0,3,4,1.0,ORL,SG
Usman Garuba,3,7,1,3,1,0.167,0.5,0,2,6,18,1,1,0.5,2,2,0.6666666666666666,GSW,"C,PF"
Adam Flagler,3,0,4,0,0,0.143,0.0,1,0,2,14,0,0,0.0,0,3,1.0,OKC,SG
Pete Nance,3,3,0,0,1,0.167,0.0,1,1,8,27,0,0,0.0,2,3,1.0,CLE,PF
Dariq Whitehead,3,4,3,1,0,0.2,0.5,0,0,2,24,1,1,0.0,0,2,0.6666666666666666,BKN,"SF,SG"
Isaiah Wong,2,0,0,0,0,0.333,0.0,0,0,1,4,0,1,0.0,0,2,1.0,IND,"PG,SG"
Quenton Jackson,2,4,2,0,1,0.0,1.0,0,0,3,11,2,0,0.0,1,0,0.0,IND,"PG,SG"
Malcolm Hill,0,0,0,0,0,0.0,0.0,0,0,0,0,0,0,0.0,0,0,0.0,NOR,"PF,SF,SG"
Vlatko Cancar,0,0,0,0,0,0.0,0.0,0,0,0,0,0,0,0.0,0,0,0.0,DEN,"PF,SF"
Kai Jones,0,0,0,0,0,0.0,0.0,0,0,0,0,0,0,0.0,0,0,0.0,LAC,"C,PF"
Steven Adams,0,0,0,0,0,0.0,0.0,0,0,0,0,0,0,0.0,0,0,0.0,HOU,C
Jaylen Martin,0,0,0,0,0,0.0,0.0,0,0,0,0,0,0,0.0,0,0,0.0,BKN,"SF,SG"
Andrew Funk,0,0,0,1,1,0.0,0.0,0,0,5,13,0,0,0.0,0,0,0.0,CHI,SG
Lonzo Ball,0,0,0,0,0,0.0,0.0,0,0,0,0,0,0,0.0,0,0,0.0,CHI,PG
Jaylin Galloway,0,0,0,0,0,0.0,0.0,0,0,0,0,0,0,0.0,0,0,0.0,MIL,SF
Duane Washington Jr.,0,0,0,0,0,0.0,0.0,0,0,0,0,0,0,0.0,0,0,0.0,NYK,"PG,SG"
Damion Lee,0,0,0,0,0,0.0,0.0,0,0,0,0,0,0,0.0,0,0,0.0,PHO,"SF,SG"
Jaylen Clark,0,0,0,0,0,0.0,0.0,0,0,0,0,0,0,0.0,0,0,0.0,MIN,SG
